Station,Latitude,Longitude,Available Bikes
Summerhill Ave / Maclennan Ave,43.685924,-79.376304,0
Queen St E / Joseph Duggan Rd,43.6677628,-79.30811709999999,13
Victoria Park Ave / Danforth Ave,43.691468,-79.288619,8
Navy Wharf Crt / Bremner Blvd,43.640722,-79.391051,7
420 Wellington St W,43.643834,-79.396649,10
Sentinel Rd / Finch Ave W,43.76073963892478,-79.5000273116394,2
Ross St / Cecil St - SMART,43.6568254,-79.3966159,1
York University Station (North),43.7741,-79.5005,0
Dundas St W / Yonge St,43.656094,-79.381484,30
Seaton St / Dundas St E - SMART,43.658777,-79.369596,4
Euclid Ave / Herrick St - SMART,43.661559,-79.413845,0
Wellesley St W / Queen's Park Cres,43.663376,-79.392125,6
Wellington St W / Bay St,43.647259,-79.379878,52
Sunnyside Ave / The Queensway - SMART,43.6397,-79.44865,7
161 Bleecker St (South of Wellesley),43.666233,-79.373327,2
Bay St / Scollard St,43.672152,-79.39018,1
Pape Ave / Gamble Ave,43.690237,-79.350119,0
Queen St E / Hammersmith Ave,43.671349,-79.29451,6
Walnut Ave / Queen St W,43.645469,-79.411084,2
Queen St E / Pape Ave - SMART,43.661673,-79.337789,14
Tecumseth St / Tecumseth Pl,43.642697996199985,-79.4049993694586,0
Davenport Rd / Lansdowne Ave,43.671526,-79.44874,0
Eastwood Rd / Coxwell Ave,43.673118,-79.318651,7
Fenwood Ht / Kingston Rd,43.72690169821676,-79.22920396582664,2
Rouge Hill GO Station,43.7805505,-79.1301203,18
Lundy Ave / Étienne Brûlé Park,43.6625395,-79.5030161,4
Bremner Blvd / Rees St,43.641529,-79.386741,48
Willowdale Ave / Bishop Ave ,43.78387252467251,-79.40786809814757,5
Plaxton Dr / St Clair Ave E,43.70751755961952,-79.30252066313936,0
Front St W / University Ave (2),43.6452972,-79.3827914,18
Jarvis St / Richmond St E,43.652777,-79.372637,17
Mortimer Ave / Coxwell Ave,43.690564,-79.326319,1
Dundas St E / River St,43.661152,-79.358505,10
St Clair Ave W / Symes Rd,43.670042134416704,-79.4789424818056,1
Yarmouth Rd / Christie St,43.67,-79.42083333333333,0
Dufferin Gate - SMART,43.633473,-79.425679,10
Symington Ave / Davenport Rd,43.6704403,-79.45328549999999,0
Niagara St / King St W - SMART,43.64281323408372,-79.40751415588915,0
Madison Ave / Bloor St W,43.66701830465472,-79.4027958687172,0
Princes' Blvd / Nunavut Rd,43.6333523484014,-79.41436313073005,10
Kingston Rd / Scarborough Golf Club Rd,43.74531103700256,-79.20970650787817,1
Harbord St / Grace St (Bickford Park),43.65995363518053,-79.41787388888551,1
Alvin Ave / St Clair Ave E,43.68871,-79.39264,0
Chorley Park - SMART,43.6856,-79.3718,0
Martin Goodman Trail (Marilyn Bell Park),43.6314,-79.4304,27
Yonge St / Davisville Ave,43.6975969,-79.39654,0
Berry Rd / Bell Manor Dr,43.63732,-79.489083,0
Adelaide St W / York St ,43.6491919790139,-79.38363237427446,18
Lake Shore Blvd W / Ontario Dr,43.630254,-79.420317,4
St Clarens Ave / Shirley St,43.6486599,-79.4376413,4
Wolseley St / Augusta Ave,43.6484201,-79.40051919999999,21
Cumberland St / Bay St -  SMART,43.6704537,-79.39014,8
Overlea Blvd / Thorncliffe Park Dr,43.707555968595464,-79.34272024477463,5
Kempford Blvd / Yonge St,43.776857235099826,-79.4151161430729,0
Bay St / Albert St,43.653264,-79.382458,62
High Park Outdoor Pool,43.650154,-79.464934,1
800 Fleet St (South),43.63670985212708,-79.40880517790985,2
McCowan Rd / Trudelle St,43.74033901575211,-79.23935319629516,4
Queens Quay W / Dan Leckie Way,43.636533,-79.395854,25
Roehampton Ave / Mount Pleasant Rd,43.70942,-79.39139,0
Niagara St / Tecumseth St,43.641389,-79.404444,1
Uno Dr / The Queensway,43.62649329992186,-79.50358167641535,9
Oakdale Community Centre,43.74751496038769,-79.5132569853195,2
Trinity St /Front St E,43.651318,-79.36023,17
Summerhill Subway Station,43.681944,-79.390556,3
Sheppard Ave W / Chesswood Dr,43.755583971122874,-79.47446032684479,2
Bellwoods Ave / Treford Pl - SMART,43.65246,-79.413528,0
Swansea Community Centre,43.6438036,-79.4770327,0
The Queensway / High St,43.630874,-79.482407,14
Esther Shiner Stadium,43.7774374,-79.4447096,3
Rogers Rd / Watt Ave,43.68233679999999,-79.4680594,1
College Park - Gerrard Entrance,43.658938,-79.383518,11
Carlton St / Parliament St,43.664524,-79.36793,1
Avenue Rd / Oxton Ave ,43.69711160305226,-79.40537298227844,0
Spadina Rd / Austin Terrace,43.67883,-79.408723,0
Hanna Ave / Snooker St,43.639547,-79.420022,8
Queen St W / John St,43.650077,-79.391291,20
Glen Edyth Dr / Davenport Rd,43.677778,-79.405556,0
Eglinton Ave W / Gilbert Ave,43.69254716689966,-79.46332759272917,0
St. Joseph St / Bay St - SMART,43.6658804,-79.38761010000002,1
Front St E / Cherry St,43.652686,-79.358395,13
Jarvis St / Isabella St,43.668991,-79.379385,2
Jane St / Yorkwoods Gt,43.7503016975738,-79.51577557434386,1
Bay St / College St (East Side),43.660439,-79.385525,25
Richmond St W / York St,43.650745,-79.383633,17
Roncesvalles Ave / Marmaduke St,43.650492,-79.450842,1
Bay St / Bloor St W (West Side),43.669244,-79.3894,0
Queen St W / Spadina Ave,43.649147,-79.395504,7
Davenport Rd / Avenue Rd,43.674991,-79.396273,0
King St W / Jameson Ave - SMART,43.63735795888104,-79.43617975886079,10
Queen's Park Cres W / Hoskin Ave,43.665221,-79.394009,5
Edward St / Yonge St,43.656729,-79.382736,20
16 Riverview Gardens ,43.64883712159794,-79.48675294250663,0
Queen's Park / Bloor St W,43.668456,-79.393899,11
Parkside Dr / Bloor St W - SMART,43.654501,-79.460053,4
Shaw St / King St W,43.6412561641921,-79.41502994047545,3
Havelock St / Dewson St,43.6554793,-79.4302462,0
Kilgour Rd / Rumsey Rd,43.718039,-79.371914,1
Spadina Ave / Blue Jays Way,43.641705,-79.393295,3
Glendonwynne Rd / Bloor St W,43.65182,-79.47421,2
Superior Ave / Lake Shore Blvd W,43.6146692,-79.4873148,15
2700 Eglinton Ave W,43.69074600637147,-79.47820143344333,10
Wendover Rd / Bloor St W (Green P),43.6492,-79.50601999999999,3
75 Holly St,43.7063279,-79.3962499,0
Starspray Blvd / Lawrence Ave E,43.788525214554085,-79.1231844760227,19
The Pond Rd / Shoreham Dr,43.772445,-79.511912,6
Adelaide St W / Yonge St,43.65038002325664,-79.3787277120385,19
Lynn Williams St / East Liberty St,43.638925,-79.4168659,1
King St E / Berkeley St,43.651885,-79.3649,29
Royal York Rd / Mimico Ave,43.612063,-79.496573,0
King St W / Charlotte St,43.645572,-79.39399,4
Russell Hill Rd / St Clair Ave W,43.685569,-79.408019,0
Harbord St / Clinton St,43.660414,-79.415646,0
Jameson Ave / Queen St W,43.63985,-79.43703,0
High Park - Grenadier Cafe,43.645599,-79.4657123,0
High Park Amphitheatre,43.646251,-79.46472,0
Gothic Ave / Quebec Ave,43.65389,-79.4675,0
111 Bond St (North of Dundas St E)  - SMART,43.656927,-79.378497,15
Grantbrook St / Finch Hydro Corridor Trail,43.780468305361154,-79.43280415488479,0
Wright Ave / Sorauren Ave - SMART,43.646677,-79.442741,0
College St / Borden St,43.6571,-79.4056,2
Coxwell Ave / Plains Rd,43.69595,-79.328535,6
Lower Simcoe St / Bremner Blvd,43.64283,-79.38409,14
Glen Long Community Centre,43.70820992643782,-79.45627808717194,0
Taddle Creek Park,43.66986,-79.398443,0
Bloor St E / Huntley St - SMART,43.671535,-79.379173,0
Gerrard St E / Leslie St,43.669813,-79.3335,4
Eglinton Ave W / Prospect Cemetery,43.69415,-79.45782580000001,0
Maud St / Adelaide St W - SMART,43.6460145694434,-79.39960497726345,1
Simcoe St / Michael Sweet Ave,43.652327224103,-79.3882538196087,14
High Park - West Rd,43.651922,-79.465693,0
King St W / Jordan St,43.648928,-79.378623,11
Morningside Park (Highland Creek Trail),43.779353,-79.193023,5
Ellesmere Rd / Markham Rd,43.77682938751077,-79.2305003612381,1
King St W / Cowan Ave - SMART,43.637922,-79.431734,2
Trethewey Dr / Black Creek Dr,43.695498400279796,-79.48809394482672,1
Adelaide St W / Bay St,43.650152,-79.379856,23
Bathurst St/Queens Quay(Billy Bishop Airport),43.635492,-79.398253,31
Brahms Ave / Finch Ave E,43.79236326442992,-79.35836318028717,3
King St W / Crawford St,43.6417852,-79.4131148,0
Isabella St / Church St,43.66834,-79.38235,1
Durie St / Dundas St W,43.665523,-79.484892,0
Trent Ave / Danforth Ave,43.689293,-79.295895,1
Marilyn Bell Park Tennis Court,43.633537,-79.437461,25
Cosburn Ave / Cedarvale Ave,43.697139,-79.31469,1
Joe Shuster Way / King St W ,43.64039672322004,-79.4237424131447,11
Sherbourne St / Wellesley St E,43.6673,-79.374,0
Lower Jarvis St / The Esplanade,43.6478206,-79.3704721,13
Mallon Ave / Jones Ave -SMART,43.66587,-79.33443,11
135 Queens Wharf Rd - SMART,43.6399714,-79.39940399999999,0
15 Price St ,43.6799477790745,-79.38994813684005,2
Jarvis St / Dundas St E,43.657266,-79.374756,15
Orde St / McCaul St,43.6580442,-79.3927404,11
University Ave / King St W - SMART,43.6477785,-79.3847928,22
Islington Ave / Finch Ave W,43.74445257991756,-79.56824985721664,1
The Queensway at South Kingsway,43.63632,-79.47307,14
Roehampton Ave / Bayview Ave,43.711751,-79.378615,3
Phoebe St / Spadina Ave,43.650033,-79.396555,33
Yonge St / Lawrence Ave E,43.7254665,-79.40115449999999,0
Bay St / Bloor St W (East Side),43.66943,-79.38915,11
Symington Ave / Dupont St,43.665538,-79.451263,0
St. Clair Ave W / Osler St,43.6739269797493,-79.46068479021301,0
Bridgman Ave / Bathurst St,43.674444,-79.414722,0
Davenport Rd / Bedford Rd,43.674446,-79.398331,0
Queen St W / Bay St (City Hall),43.6517925,-79.38269509999999,23
University Ave / College St (East),43.65995,-79.38964,16
York University (Glendon Campus) - SMART,43.727365488246306,-79.3814254607724,7
Simcoe St / Elm St,43.656038841714505,-79.38970387738495,6
Spadina Ave / Harbord St - SMART,43.6629228,-79.4018451,2
Bayview Ave / Finch Recreational Trail,43.789068698639504,-79.39315096004944,1
Keele St / Lloyd Ave,43.67115532642577,-79.46701597756929,0
Viewmount Park,43.70735572654095,-79.43723072209013,0
Housey St / Dan Leckie Way,43.63811,-79.397877,16
Ontario St / Adelaide St E -SMART,43.6535052,-79.3667689,7
Clendenan Ave / Rowland St - SMART,43.66073,-79.47149,1
Slan Ave / Scarborough Golf Club Rd,43.77327261711258,-79.21971485277862,2
Southwood Dr / Kingston Rd - SMART,43.678685,-79.297974,5
85 Lee Ave,43.6700692,-79.2971326,9
King St W / Portland St - SMART,43.644395,-79.40065430000001,6
Toronto Eaton Centre (Yonge St) - SMART,43.655431,-79.380653,19
Sussex Ave / St George St,43.665304278965365,-79.39938263802871,3
Baldwin St / Henry St,43.6560758,-79.393259,9
Donlands Subway Station,43.681114,-79.3373885,1
York St / Lake Shore Blvd W,43.641952,-79.380723,17
Weston Rd / Sheppard Ave W,43.73262849415089,-79.5381993243286,0
Spadina Ave / Willcocks St,43.6616667,-79.40138888888889,1
Leslie Subway Station,43.77037892370793,-79.36702734195678,2
Pharmacy Ave / Teesdale Pl,43.697356080874876,-79.28528711019696,13
Lindylou Rd / Lanyard Rd,43.74845421407306,-79.5504039969242,1
Blake St / Boultbee Ave,43.672453,-79.338259,4
Granby St / Church St - SMART,43.6614605,-79.37894570000002,0
Vaughan Rd /Wychwood Ave,43.6882821,-79.4253856,0
Spadina Ave / Sullivan St,43.65082785552666,-79.39698099821702,11
Jarvis St / Carlton St,43.66207,-79.37617,0
Mallaby Park ,43.706191092397106,-79.53262795581969,0
Bathurst St / Lennox St,43.663808,-79.410491,0
1303 Yonge St - SMART,43.6846177,-79.39245919999999,1
Palmerston Ave / Vermont Ave,43.671389,-79.416389,0
Westmoreland Ave / Fernbank Ave,43.665327,-79.43235,0
York St / Queens Quay W,43.640132,-79.380464,54
Gamble Ave / Broadview Ave,43.689211,-79.35438,1
Howard Park Ave / Dundas St W - SMART,43.6521,-79.4486,0
St Columba Pl / St Clair Ave E,43.70567,-79.310554,2
Bloor St W / Huron St,43.667023,-79.401805,1
Bloor St W / Gladstone Ave - SMART,43.6602021,-79.4342726,0
Greenwood Ave / Sammon Ave,43.68698672516659,-79.33478198280334,0
High Park Ave / Dundas St W,43.6653032,-79.4701178,0
Sunnybrook Park,43.720233,-79.362092,1
Danforth Ave / Ellerbeck St,43.677076,-79.35667,0
1612 Danforth Ave ,43.68370788065334,-79.32262453633884,0
Finch Ave W / Wilmington Ave,43.77060244428048,-79.45997589178772,6
Charles St E / Jarvis St - SMART,43.669604,-79.381171,0
Queens Quay / Yonge St,43.641646,-79.375308,44
HTO Park West,43.63737145931921,-79.38976958703309,26
University of Toronto Scarborough,43.7842419,-79.1849889,1
King St W / Douro St,43.640885,-79.416379,0
Lower Jarvis St / Queens Quay E,43.64422,-79.36927,18
Keele St / Catford Rd,43.75919330632997,-79.49001046850891,0
Brick Works,43.683884,-79.36647,12
Danforth Ave / Dewhurst Blvd,43.680207,-79.339243,0
Kingston Rd / Glen Everest Rd,43.697490048103,-79.25655146462776,8
Queens Quay E / Lower Jarvis St ,43.64392767366328,-79.3687301736982,22
Vaughan Rd / Oakwood Ave,43.6926825,-79.441042,1
Rushton Rd / St Clair Ave W,43.68114,-79.4277,0
Queen St E / Alton Av,43.663912,-79.327987,18
Torresdale Ave / Antibes Dr,43.77953,-79.45233,1
Tangiers Rd / Finch Ave W,43.76376964130183,-79.48809242593383,0
Adelaide St W / Bay St (South),43.65011637593798,-79.37953068860327,15
Fort York Blvd / Garrison Rd,43.637381,-79.406112,1
Niagara St / Queen St W ,43.64572868466845,-79.40990680181771,0
Cariboo Ave / Railpath Trail,43.66666667,-79.45833333333334,0
Davisville Ave / Pailton Cres,43.69933,-79.39199,0
Yonge St / St. Clair Ave,43.68850460000001,-79.39416076812287,0
Simcoe St / Dundas St W,43.655103,-79.389295,13
Front St W / Simcoe St,43.6442,-79.38702,23
Mill St / Tannery Rd,43.652219,-79.354455,26
Dundas St E / George St,43.6574766,-79.373446,11
Front St W / Yonge St (Hockey Hall of Fame),43.646144,-79.377962,45
Church St / Lombard St,43.651678,-79.375233,17
Augusta Ave / Denison Sq,43.653766,-79.4016759,1
Grenoble Dr / Deauville Ln,43.71649675774656,-79.33089439933623,2
St. John's Rd / Dundas St W,43.66526761605873,-79.47502122887077,2
Millwood Rd / Southvale Dr,43.70241717215276,-79.36175932936095,0
Dundas St E / Broadview Ave,43.662365,-79.351104,12
Dundas St W / Edna Ave,43.657192,-79.452559,0
Frobisher Ave / Lascelles Blvd,43.696708,-79.40045,0
Eastgate Cres / Pharmacy Ave ,43.7110442448186,-79.29127313845584,2
St. Andrew's Playground Park,43.646552,-79.399586,2
Roxton Rd / Harbord St,43.65905,-79.422988,0
Ossington Ave / College St,43.6544915,-79.422634,0
Sixth St / Lake Shore Blvd W,43.60116229109828,-79.50416046627045,15
Dufferin St / Queen St W,43.64309687937765,-79.42875613770637,2
Yonge St / Sheppard Ave E,43.76128605777495,-79.41071644205269,1
Davenport Rd / Bathurst St,43.676667,-79.416111,0
Havelock St / Dufferin Park,43.657343,-79.43112,0
Bellamy Rd N / The Meadoway,43.76507271818177,-79.23835381614684,1
Sunnybrook Health Centre - L Wing,43.72268,-79.37644,0
High Park Blvd / Parkside Dr,43.644887,-79.45641169999999,4
Teddington Park Ave,43.732975,-79.40401,0
Scarlett Rd / Old Scarlett Rd ,43.678276306636576,-79.50667332401198,1
Blythwood Rd / Yonge St - SMART,43.716652,-79.399993,0
Runnymede Rd / Annette St,43.6596299,-79.4799176,1
285 Victoria St,43.656633,-79.379625,39
Eastern Ave / Winnifred Ave,43.6592088,-79.3348396,10
Ursula Franklin St / St. George St - SMART,43.660296,-79.397107,2
Guildwood GO Station (South),43.754978,-79.1971289,6
Clarence Square,43.64407,-79.3929,20
Eglinton Ave E / Brimley Rd,43.736952572933866,-79.24798367249146,5
Front St W / Bay St (South Side),43.64595,-79.378761,15
Jimmie Simpson Park (Queen St E),43.6605603,-79.3437663,9
Alma Ave / Gladstone Ave SMART,43.6448617,-79.42822,1
Jane St / Weston Rd,43.69144464414302,-79.50154583869246,0
439 Sherbourne St,43.666051,-79.374161,0
Mary McCormick Rec Centre (Sheridan Ave),43.6475,-79.43305555555555,1
24 Mountjoy Ave,43.6808774,-79.3304491,0
Church St / The Esplanade,43.6469251,-79.3733192,18
50 Overlea Blvd,43.707225,-79.345324,3
60 Broadway Ave,43.71024429599603,-79.39578744603273,0
Queen St W  /  Fuller Ave - SMART,43.640255,-79.439223,0
Windsor St / Newcastle St,43.6171635,-79.4971065,1
O'Connor Dr / Curity Ave,43.707582,-79.311439,5
Humber College (Lakeshore Campus),43.5961692,-79.5160575,24
Eglinton Ave W / Oakwood Ave,43.69705023028765,-79.4437599043325,0
Bay St / Charles St W - SMART,43.668153,-79.38891,0
Primrose Ave / Davenport Rd,43.67142,-79.445947,0
Ted Rogers Way / Bloor St E,43.671293,-79.380471,4
Lake Shore Blvd W / Colborne Lodge Dr,43.63771,-79.458173,6
Weston Lions Park,43.698841,-79.519472,2
Oriole Pkwy / Kilbarry Rd,43.6954486,-79.4026176,0
Highfield Rd / Gerrard St E,43.671771,-79.324961,3
Grand Avenue Park,43.623708,-79.490054,0
Church St  / Wood St,43.662712,-79.379903,2
Bayview Ave / Lawren Harris Square,43.6548521,-79.35397680000001,6
King St W / Bay St (West Side),43.64852,-79.380576,37
Bloor St E / Parliament St,43.671946102001826,-79.37245115337294,0
128 Sterling Rd - SMART,43.654004,-79.444792,3
Jane St / Lawrence Ave W,43.702340220597975,-79.50347389514123,8
519 Church St - SMART,43.6668334195837,-79.38120391054117,3
Ossington Ave / Bruce St,43.64570236705167,-79.41933192053696,1
Islington Subway Station (Aberfoyle Cres),43.645658591546216,-79.52339938954925,14
Spadina Ave / Fort York Blvd,43.640114,-79.393249,5
Vanauley St / Queen St W - SMART,43.648437,-79.39838,3
Howard St / Rose Ave,43.671278,-79.372127,0
Brooklawn Ave / Kingston Rd,43.721761400691236,-79.2359137196434,1
Salem Ave / Bloor St W,43.6608333,-79.43166666666667,0
Gunns Rd / Lavender Creek Trail,43.675531973168354,-79.47199740066374,0
Lake Shore Blvd W / Bathurst St,43.63675592256874,-79.39920538954927,19
Front St W / Bay St (North Side),43.646162,-79.378912,8
Greenwood Ave / Gerrard St E,43.67036917803197,-79.32782698645094,1
Trethewey Dr / Jane St,43.697417070558615,-79.50079830912324,9
Don Mills Rd / Goodview Rd,43.785346474479695,-79.35362921031188,2
25 Booth Ave,43.6544839,-79.34105699999999,9
Danforth Ave / Danforth Rd,43.69362206784152,-79.27710529695892,2
Lake Shore Blvd W / The Boulevard Club,43.636731,-79.444966,14
Thorncliffe Park Dr / Leaside Park Trail,43.70400405297843,-79.34807015078738,2
University Ave / Gerrard St W (East Side),43.657763,-79.389165,8
3220 Bloor St W,43.646186757495194,-79.51762536747455,2
Cosburn Ave / Durant Ave,43.6935477,-79.3301658,1
Marlee Ave / York Beltline Trail,43.70163,-79.44099,1
King St W / Bay St (East Side),43.648575,-79.380042,18
Bloor St W / Balmuto St,43.66981064282057,-79.38801106873031,1
Claremont St / Dundas St W,43.651281,-79.411717,0
HTO Park (Queens Quay W),43.63796,-79.387502,24
Charles St W / Balmuto St - SMART,43.668427,-79.38725,0
King St W / Brant St,43.645102,-79.39744979999999,8
Lawton Blvd / Yonge St,43.6910667,-79.39535,0
Grenoble Dr / Vendome Pl,43.715537998967406,-79.32811427663442,4
Chiltern Hill Rd / Eglinton Ave W,43.7004017,-79.4275305,0
14 Arundel Ave,43.6784834,-79.3513564,0
Antler St / Campbell Ave - SMART,43.664182,-79.449066,0
Keele St / Ingram Dr,43.698706949666914,-79.4756586460327,0
St Clair Ave W / Castleton Ave,43.668496,-79.485426,2
Emdaabiimok Ave / Lake Shore Blvd E,43.662771,-79.315223,13
Highview Ave / Kennedy Rd,43.702418581463505,-79.2563167072858,6
Emerson Ave / Bloor St W,43.658739,-79.440691,1
St Clair Ave W / Oakwood Ave,43.678177,-79.435364,0
Bellamy Rd S / Kingston Rd,43.7323277855009,-79.22496619876934,5
Queens Quay W / Lower Simcoe St,43.63951,-79.383717,19
Fulton Ave / Pape Ave,43.68395,-79.347046,0
165 McRae Dr,43.70587454662511,-79.36800595602851,1
Union Station (North),43.645808552646564,-79.38054652324743,16
Church St / Shuter St,43.65505698168995,-79.37651024603271,14
Spadina Ave / Bulwer St- SMART ,43.649354475273796,-79.39675713332855,5
Crawford St / Lobb Ave,43.64654941401018,-79.41558900317995,0
Dawes Rd / Taylor Creek Trl,43.696631,-79.297436,2
King St W / Stafford St,43.6422222,-79.41111111111111,0
Florence Gell Park,43.66196582326018,-79.49851065277862,5
Orchard Park,43.66908,-79.3149,10
Carlaw Ave / Strathcona Ave,43.6753188,-79.3462789,0
Armel Ct / Albion Rd,43.721532966873205,-79.5455834809678,1
Danforth Ave / Aldridge Ave,43.684758,-79.316767,0
640 Bloor Street E,43.67468857448634,-79.36701962396272,3
Alton Ave / Dundas St E (Greenwood Park),43.66745,-79.329408,18
Finch West Subway Station,43.76521,-79.491281,3
College St / Major St,43.6576,-79.4032,3
Bathurst St / Adelaide St W,43.645324,-79.40345,0
Front St W / Spadina Ave,43.64235480340359,-79.39519751877137,17
Bartley Park ,43.72211166436462,-79.30864830919265,8
Weston Rd / Lanyard Rd,43.748713,-79.541808,1
Woodbine Ave / Lake Shore Blvd E,43.665645,-79.304711,25
Metro Hall Plaza,43.645859,-79.38783,22
Ossington Ave / Bloor St W,43.661705,-79.425734,0
Annette St / Jane St,43.658574,-79.487246,1
Princes' Gates,43.63467323676012,-79.40897321886649,13
Gould St / Mutual St,43.6582,-79.3768,27
Bert Robinson Park,43.688028,-79.460265,2
Portland St / Queen St W,43.6476,-79.4015,6
Bay St / Wellesley St W,43.664088,-79.387095,29
Lansdowne Ave / Seaforth Ave ,43.642904395956684,-79.43746059447746,2
200 Bloor St E,43.671561,-79.38117,2
King St W / University Ave,43.64781808540915,-79.38427999073791,17
Fleming Cres / Bayview Ave,43.707045,-79.375437,0
Scarborough GO Station,43.7170472128686,-79.25461030789113,3
Eglinton Ave W / Venn Cres,43.69143920681119,-79.46908634795456,5
Bleecker St / St James Ave,43.669232,-79.374495,0
Spadina Rd / St.Clair Ave West,43.683979,-79.410657,0
Danforth Ave / Warden Ave,43.6950192,-79.27180659999999,2
Eglinton West Subway Station,43.69867103968614,-79.43680738560357,0
Sentinel Rd / Finch Corridor Trail,43.7641485,-79.5012809,0
Bloor St W / Dundas St W (2),43.64285244644315,-79.53199489206543,3
80 Clinton St,43.656296,-79.414663,0
Sunnyside - Gus Ryder Pool,43.637894,-79.454823,11
Widmer St / Adelaide St W - SMART,43.647547634759206,-79.39155200496292,1
Pacific Ave / Glenlake Ave,43.65716,-79.46478,1
Rosedale Park (20 Scholfield Ave),43.682645,-79.377557,0
Beverley St / Dundas St W,43.652823,-79.393388,6
St Clair Ave W / Winona Dr,43.680466,-79.432522,0
Concord Ave / Bloor St W,43.66189,-79.42679,0
Lower Don River Trail and Taylor Creek Trail,43.7027268,-79.33368089999999,6
Lake Shore Blvd W / Legion Rd,43.62052630763223,-79.48320224237995,7
Morse St / Eastern Ave,43.657991,-79.340075,8
Temperance St Station,43.650945,-79.379498,53
Moss Park,43.655972,-79.370638,9
Rosehill Ave / Avoca Ave - SMART,43.687999,-79.38906,0
Gerrard St E / Nasmith Ave ,43.66273618779861,-79.36253100740966,13
Garden Ave / Roncesvalles Ave,43.643769,-79.447915,0
Glencairn Subway Station,43.70925763810859,-79.44169105036657,2
Exhibition GO Station,43.6352007,-79.4187711,9
Wakunda Pl / O'Connor Dr,43.71602024377182,-79.3047092517501,3
Regal Rd / Dufferin St,43.673939,-79.441159,0
Empress Ave / Yonge St,43.769395456625546,-79.41266521769707,2
Logan Ave / Gerrard St E,43.6672144,-79.3452697,10
Leslie St / Commissioners St  ,43.657275497390124,-79.32661544194183,16
Dundas St E / Regent Park Blvd,43.660207,-79.361275,1
Eglinton Ave E / Redpath Ave,43.7078691,-79.39248,0
Bloor St W / Christie St,43.6638889,-79.41888888888889,0
Sherbourne St N / Elm Ave,43.6752732,-79.3778458,0
Woodbine Ave / O'Connor Dr,43.699281,-79.318802,0
Danforth Ave / Lamb Ave,43.681991,-79.329455,1
Shaw St / Essex St - SMART,43.667076,-79.425116,1
The Well,43.643025055165865,-79.39430137761319,17
Elwood Blvd / Avenue Rd,43.707049,-79.40966,0
Cherry St / Lake Shore Blvd E,43.64827015761016,-79.35651733677065,14
Eglinton Ave E / Brentcliffe Rd,43.714305793017544,-79.36089045040129,3
Cedar Dr / Eglinton Ave E,43.744208202155754,-79.21564636613158,8
Keele St / Dovehouse Ave - SMART,43.7494501,-79.4869662,8
Barton Ave / Howland Ave - SMART,43.66842,-79.410585,2
75 Thorncliffe Park Dr,43.70518328279426,-79.34224729962946,1
Elizabeth St / Elm St,43.6570908165693,-79.38593668834272,19
Second St / Lake Shore Blvd W,43.60191488118503,-79.49941888654288,12
Queen St E / Rushbrooke Ave,43.6626628,-79.3323698,14
Gerrard St E / Malvern Ave - SMART,43.685221,-79.294766,0
Danforth Ave / Barrington Ave,43.688325,-79.300463,0
Tecumseth St / Queen St W - SMART,43.646552,-79.406468,0
Scarborough Soccer Centre,43.7154661,-79.2876595,2
Sherbourne St / Carlton St (Allan Gardens),43.663102,-79.373181,3
Fairglen Cres / Weston Rd,43.70876747477083,-79.53445192394257,0
Yonge St / Aylmer Ave,43.675492,-79.388858,7
Beltline Trail / Yonge St,43.6962302,-79.39504339999999,0
University Ave / Richmond St W,43.64981903446256,-79.38641270251617,12
Bloor St W / Old Mill Trl,43.65016869999999,-79.4963345,12
Fairmount Park,43.6765897,-79.3163022,2
Victoria Park Ave / Edge Park Ave,43.717678679534906,-79.29961580314475,10
Markham Rd / The Meadoway ,43.77121894873629,-79.22956526983644,2
Central Tech  (Harbord St),43.661975,-79.407896,0
Victoria Park Ave / Dawes Rd,43.706466,-79.29511,6
Thompson St / Broadview Ave - SMART,43.659471,-79.350325,20
St. George St / Bloor St W,43.66713121831853,-79.3995550638237,3
College St / Markham St,43.6563888888889,-79.4091666666667,0
Queen's Park Cres E / Grosvenor St - SMART,43.661803,-79.389682,11
Ling Rd / Morningside Ave,43.766663817888656,-79.18521765344238,8
Yonge St / Yorkville Ave,43.671944,-79.387778,3
1 Market St,43.6469928,-79.3706665,17
Davenport Rd / McAlpine St - SMART,43.673768,-79.391253,0
Midland Ave / Kingston Rd,43.7128578,-79.2487086,5
Firvalley Ct / Warden Ave,43.7032112,-79.2787149,8
OCAD University,43.65231552304792,-79.39091185000235,21
Galbraith Rd / King's College Rd,43.6603874468082,-79.39537831814152,16
Christie St / Benson Ave (Wychwood Barns),43.68,-79.42500000000001,0
Portland St / Wellington St W,43.64290167152932,-79.39937033134326,0
697 Lansdowne Ave ,43.659221843735615,-79.44277410244676,1
University Ave / Pearl St ,43.64836809385241,-79.3853510232788,13
Annette St / Dundas St W,43.6641174,-79.4588522,5
Parkcrest Dr / Kingston Rd,43.73596719224253,-79.21995221481933,4
Macpherson Ave / Spadina Rd,43.675791,-79.40698,0
Lawrence Ave E / Don Mills Trail,43.73458185912293,-79.35485399272919,3
Albion Rd/ Arcot Blvd,43.727621709316395,-79.55254902939286,0
Richmond St E / Yonge St,43.651838,-79.378743,16
Birchcliff Ave / Kingston Rd,43.691688,-79.265027,0
Randolph Ave / Perth Ave,43.6585504,-79.4497659,0
Bathurst St / Fort York Blvd,43.639179,-79.399595,0
Jane St / Bloor St W (Jane Subway Station),43.64976,-79.48477,0
Dundas St E / Boulton Ave - SMART,43.663148,-79.347938,8
Amos Waites Park,43.613606,-79.4883535,16
King St E / River St,43.656784782853144,-79.35627385059036,6
Lansdowne Subway Station,43.65922918158098,-79.44320901022282,0
Twelfth St / Thirteenth St,43.6002896,-79.5108692,20
Oak St / Sumach St,43.6617908,-79.361515,2
Berkeley St / Dundas St E - SMART,43.658816,-79.367318,1
Bathurst Subway Station,43.6666667,-79.41166666666668,0
King St W / Fraser Ave,43.6394444,-79.42527777777778,13
Dundas St W / St Helen's Ave - SMART,43.6504218,-79.4407647,0
Kingston Rd / Warden Ave,43.68824135931814,-79.27046628033244,8
Cruickshank Park,43.7023860650084,-79.52594758324148,0
York Mills Rd / Lesmill Rd,43.7549215557014,-79.35174838465576,9
Dufferin St / Bloor St W,43.66083333333333,-79.43583333333333,0
Pioneer Village Subway Station,43.77649016265579,-79.5085364909097,0
Church St / Alexander St,43.663722,-79.380288,3
Riverdale Park South (Broadview Ave),43.667819,-79.35347,0
552 Birchmount Rd,43.71176278859601,-79.27028152889692,0
Shaughnessy Blvd / Sheppard Ave E,43.77351462694018,-79.35306224113921,2
Jane St / Finch Ave W,43.759292283169536,-79.5183741465576,1
King St W / Wilson Park Blvd,43.6372958,-79.4423237,4
Beltline Trail / Chaplin Cres,43.704461,-79.423122,0
Howard St / Sherbourne St,43.6712581,-79.376367,0
King St W / Spadina Ave,43.645323,-79.395003,11
Benshire Dr / The Meadoway,43.76174092019504,-79.24473961415558,1
St Clarens Ave / College St,43.651238,-79.43868,1
Yonge St / Macpherson Ave,43.6791876,-79.39071899999999,2
11 Spadina Rd,43.6677246,-79.4041365,0
Victoria Park Ave / Kingston Rd,43.68035,-79.28357,0
Palmerston Ave / Dundas St W,43.651603,-79.408346,1
Strachan Ave / East Liberty St - SMART,43.63906470236988,-79.41080996164456,0
Tommy Thompson Park (Leslie Street Spit),43.65222662225532,-79.32295440954084,11
Eglinton Ave E / Mason Rd ,43.742037440522616,-79.22488680080262,6
Livingston Rd / Guildwood Pkwy,43.747854,-79.199327,6
Polson Pier,43.641675,-79.354006,20
Cherry Beach,43.637764,-79.345359,28
Little Norway Park,43.635023,-79.399505,13
Heyworth Cres / Kingston Rd,43.6750806,-79.3068697,6
Hillsdale Ave W / Yonge St,43.7029672,-79.3979073,0
Christie St / Dupont St,43.67168,-79.421192,0
Opposite 1103 Leslie St,43.72093164598881,-79.34989416350709,1
Elm St/ University Ave (East Side),43.65637299999999,-79.38781039999999,7
Queen St. E / Eastern Ave,43.667208,-79.312315,12
75 Tandridge Cres,43.729578273586064,-79.54699793872719,1
McRae Dr / Laird Dr - SMART,43.70979296822595,-79.36389214460489,2
Gerrard St E / Broadview Ave  - SMART,43.665656,-79.352055,8
Yonge St / Bloor St,43.669969,-79.386532,2
King St W / York St (2),43.647968822765,-79.38316961352653,19
Lisgar St / Dundas St W - SMART,43.6493472,-79.42668,0
College St / Henry St ,43.6591529,-79.3947953,8
Sherbourne St / Isabella St,43.669576,-79.375961,0
Yonge St / Alexander St - SMART,43.662862,-79.383572,2
Fort York Blvd / Grand Magazine St,43.63758782904466,-79.40314232209015,1
Kennedy Rd/Ranstone Gdns (Jack Goodlad Park),43.74190570940633,-79.27181887640458,3
Dundas St W / Prince Edward Dr N,43.660324268765464,-79.51154350422973,0
Royal York Rd / Lake Shore Blvd W,43.6029904,-79.4926867,1
Armoury St / Chestnut St,43.65351799690878,-79.38591063795928,10
King St E / Church St,43.65003919999999,-79.3733541,14
Humberside Grounds - SMART,43.65917,-79.46997,1
Lower Sherbourne St / The Esplanade,43.648655,-79.367061,25
Symes Rd / Glen Scarlett Rd - SMART,43.673391524931525,-79.47798367814572,3
Bloor St W / Riverside Dr,43.647663,-79.487583,2
Goodwood Park Crt / Dentonia Park,43.694826,-79.295208,0
Dundas St W / Crawford St,43.649722,-79.416944,0
Amroth Ave / Danforth Ave,43.6856128,-79.31168269999999,4
Downsview Park Subway Station - SMART,43.753107,-79.479626,6
Strachan Ave / Princes' Blvd,43.635,-79.4088888888889,11
Alameda Ave / Vaughan Rd - SMART,43.690903,-79.4375028,0
Sheppard Ave E / Leslie St,43.77114830031903,-79.36381166455688,7
Merton St / Mount Pleasant Rd,43.697819,-79.38786,0
King St W / Tecumseth St,43.64333333333333,-79.40555555555557,0
Simcoe St / King St W,43.647508351306186,-79.38604436555764,10
King St W / York St,43.6480008,-79.383177,21
Mill St / Parliament St,43.650256,-79.36163,14
Queen St E / Rhodes Ave,43.666224,-79.317693,19
Gerrard Square Mall (1010 Gerrard St E),43.668553,-79.338673,12
Jane St / Haney Ave,43.6743457123134,-79.4948437786083,6
Talbot Rd / Finch Hydro Corridor,43.78225298110634,-79.42367062831116,0
Davenport Rd / Christie St,43.675278,-79.423889,0
St. George St / Hoskin Ave,43.6637403,-79.39806449999999,2
Felstead Ave/Gillard Ave (Monarch Park),43.6791345,-79.3263159,1
Lumsden Ave / Cedarvale Ave,43.693187,-79.314283,0
Jarvis St / Maitland Pl,43.6647688,-79.3772602,0
Livingston Rd (Highland Creek Trail),43.7561681,-79.2026694,3
Hawksbury Dr / Sheppard Ave E ,43.76816239444779,-79.38312075158996,4
College Park - Yonge St Entrance,43.65988,-79.38279,1
Birchmount Rd / Kingston Rd,43.69401297794256,-79.26257204548136,1
Richmond St W / Bathurst St,43.64666748425228,-79.40299591349182,8
Kingston Rd / Ridgemoor Ave,43.70643614257429,-79.25104443353288,1
Mutual St / Shuter St (Arena Gardens),43.6559476,-79.37558829999999,10
Mabelle Park,43.645389479325615,-79.5276822170925,3
Lake Shore Blvd W / Seventeenth St,43.59841926031898,-79.51561102394257,6
111 Broadview Ave,43.6593483,-79.34993659999999,12
Colonel Danforth Park,43.7777114,-79.1659711,0
Spadina Ave / Adelaide St W,43.6472019,-79.3953394,5
Joseph J Piccininni Community Centre,43.675648,-79.4527619,0
Exhibition GO (Atlantic Ave),43.637695491830144,-79.42023184193503,11
Broadview Ave / Westwood Ave,43.6848652,-79.356602,0
Western Battery Rd / Pirandello St,43.640075,-79.414156,2
Gordonridge Pl / Danforth Rd,43.72729077290258,-79.25237907196654,2
Bathurst St / Front St W,43.64134790000001,-79.4013882,12
Queen St E / Nursewood Rd,43.673831,-79.281455,8
Kingston Rd / Markham Rd,43.73878438927323,-79.21746485700835,7
Danforth Ave / Gough Ave,43.678401,-79.346289,1
E.T. Seton Park (Eglinton Ave E / Leslie St),43.715951,-79.351246,0
Brimley Rd / McCowan District Park,43.72704086366749,-79.24391402446746,6
36 Park Lawn Rd,43.62369169999999,-79.4838132,3
Simcoe St / Wellington St W North,43.6462176,-79.3855048,14
Humber Bay Shores Park East,43.6308933,-79.4722622,17
2300 Lakeshore Blvd W,43.61868,-79.48674,14
Wellesley St E / Jarvis St,43.6662047,-79.37901219999999,4
Howard Park Ave / Parkside Dr,43.648657,-79.458111,1
Ramsden Park,43.676184561302776,-79.38962496400146,0
Sackville St / Eastern Ave - SMART,43.653809,-79.3595,12
Willingdon Blvd / Bloor St W (Green P),43.64817,-79.510392,3
Niagara St / Richmond St W,43.64534,-79.409597,2
Simcoe St / Pullan Pl,43.65105290412541,-79.38764943227872,25
Dalton Rd / Bloor St W,43.6662942,-79.4066433,2
Yonge St / Dundonald St - SMART,43.665801,-79.384796,4
Bond Ave / Don Mills Trail,43.74475834253035,-79.35348069940567,1
Grenoble Dr / Gateway Blvd,43.71513211098082,-79.33413623320465,7
King St E / Victoria St,43.6495789,-79.3762096,17
Kendal Ave / Bernard Ave,43.671513,-79.408317,0
Oak St / Sackville St,43.6613642,-79.3641171,2
Hanna Ave / Liberty St,43.638608601636705,-79.41965437361068,20
Kendal Ave / Spadina Rd,43.670318,-79.405181,0
McGill St / Church St,43.660694,-79.379052,0
Lynn Williams St / Pirandello St ,43.639124514797004,-79.41423166721611,0
Coronation Park (Martin Goodman Trail),43.635007,-79.403341,9
Waterfront Trail (Rouge Hill),43.778015,-79.131911,18
Walter Saunders Park,43.699327072589426,-79.4493630391668,0
Broadview Subway Station,43.6772,-79.35858,1
Beaty Ave / Queen St W,43.6393107,-79.4408141,1
East Lynn Ave / Danforth Ave,43.6850809,-79.3149901,0
Humber Bay Shores Park / Marine Parade Dr,43.626265,-79.476723,55
Wilket Creek Park,43.720645,-79.355474,3
Balliol St / Yonge St - SMART,43.6978701,-79.39419,1
Ursula Franklin St / Huron St - SMART,43.660274,-79.398049,5
Cherry St / Distillery Ln,43.650279,-79.356832,7
Ellis Ave / The Queensway,43.63855,-79.46693,7
Ulster St / Bathurst St,43.66,-79.4088888888889,0
Hayter St / La Plante Ave,43.6591666666667,-79.3855555555556,15
Lisgar St / Queen St W - SMART,43.64299174164139,-79.42355911563249,0
King's Mill Park,43.64920406876699,-79.49336334201408,23
Richmond St E / Jarvis St Green P,43.652634,-79.374222,16
Rogers Rd / Bicknell Ave,43.68189526215492,-79.4736382392868,2
Soudan Ave / Yonge St ,43.70430959999999,-79.3972815,0
Ferrand Dr / Rochefort Dr,43.719632535237835,-79.33199950866776,15
Yonge St / Orchard View Blvd,43.7083577,-79.39886200000001,0
East Liberty St / Western Battery Rd,43.6392777,-79.4115736,1
Yonge St / North York Blvd,43.76726589934926,-79.41263489814757,2
Lake Shore Blvd W / Thirty Ninth Street,43.5927419,-79.54033009999999,16
Euclid Ave / Bloor St W,43.664467,-79.414783,0
Dundas St E / Parliament St,43.659575,-79.365769,3
Lisgar Park,43.6423847,-79.4240277,1
Lake Shore Blvd W / Long Branch Ave,43.59445833196281,-79.53387390859834,4
Lillian St / Soudan Ave - SMART,43.70607287248461,-79.39356161653288,0
Cosburn Ave / Donlands Ave,43.690537,-79.341307,0
Luttrell Ave / Danforth Ave,43.6897656,-79.2939525,3
Jane St / Queens Dr,43.70673804962302,-79.50477543802873,12
Bloor St W / High Park Ave (High Park),43.6535269,-79.4650569,0
Front St E / Scott St,43.6476616,-79.37549,10
Queen St W / Dovercourt Rd,43.6438602,-79.4227573,2
Lake Shore Blvd W / Ellis Ave,43.635932,-79.465083,9
Dundas St W / St. Patrick St,43.6545174,-79.3895315,7
Yonge St / Golfdale Rd,43.732016,-79.403637,2
Ossington Ave / Harrison St,43.651111111111106,-79.4213888888889,1
35 Erindale Ave,43.67729,-79.35741,0
Adelaide St W / Strachan Ave,43.643253094827294,-79.41230469904167,1
Duncan Mill Rd / Valleybrook Dr,43.76167125342455,-79.35258302698364,5
The Kingsway / Ashley Rd,43.66279594478841,-79.51959827976225,4
Northern Dancer Blvd / Lake Shore Blvd E,43.663162,-79.309765,16
Weston Rd / St Clair Ave W,43.673019,-79.467994,0
Albany Ave / Dupont St,43.67348899977229,-79.41339520555726,0
Concord Ave / Dewson St,43.656945,-79.424911,0
Dufferin St / Finch Corridor Trail,43.7724019,-79.4675395,1
1525 Dundas St W,43.64957,-79.432446,2
Princess St / Front St E,43.650297574961044,-79.36648460341635,12
Pharmacy Ave / Danforth Ave,43.6929478,-79.28339980000001,0
Scott St / The Esplanade,43.64659663170443,-79.37530913867988,19
St Clair Ave W / Gunns Rd,43.672079,-79.470171,1
Sorauren Ave / Geoffrey St - SMART,43.649172,-79.4445087,1
Downsview Park Blvd / Keele St  - SMART,43.73673829262113,-79.48227195568086,5
Winona Dr / Davenport Rd,43.674923,-79.430465,0
Bloor St W / Manning Ave - SMART,43.663912,-79.416124,0
Gerrard St E / Victoria Park Ave - SMART,43.686962,-79.286864,1
Toronto Inukshuk Park,43.6323994,-79.40978179999999,12
Mount Pleasant Rd / Davisville Ave - SMART,43.70088225686968,-79.38736016665911,0
Finch Subway Station ,43.781877158752955,-79.41528502874928,5
Scarlett Rd / Clairton Cres,43.67597251709289,-79.50582129577026,8
Willcocks St / St. George St,43.662085,-79.397735,7
Queens Quay E / Lower Sherbourne St,43.645215,-79.364898,27
Bridgman Ave / Kendal Ave,43.675556,-79.410278,0
Langford Ave / Danforth Ave - SMART,43.6800218,-79.3405681,1
St. George St / Willcocks St,43.662452744495575,-79.3978384219513,17
Eglinton Ave W / Ennerdale Rd,43.695032348609836,-79.45302971031188,1
Wallace Ave / Pauline Ave,43.6632257,-79.4397052,0
Lonsdale Rd / Spadina Rd,43.688526,-79.412903,0
Roncesvalles Ave / Fermanagh Ave,43.646314469245205,-79.44879407014527,0
Warden Subway Station,43.71161098023304,-79.28055565662231,0
Riverdale Park North (Broadview Ave),43.671172,-79.354704,2
Victoria Park Subway Station - SMART,43.6940155,-79.2889842,6
Queen St E / Berkeley St,43.6552778,-79.36583333333333,12
Queen St. E / Spruce Hill Rd.,43.672571,-79.289,9
Gerrard St E / Main St,43.684261,-79.299332,1
Bay St / Queens Quay W (Ferry Terminal),43.640978,-79.376785,35
Wellesley Station Green P,43.66496415990742,-79.38355031526893,13
Baldwin St / Spadina Ave - SMART,43.654905,-79.398448,8
Tyndall Ave / King St W - SMART,43.638426,-79.429142,6
Front St W / Blue Jays Way,43.643473,-79.390477,8
Gerrard St E / River St,43.663993,-79.358534,2
King St E / Jarvis St,43.650325,-79.372287,24
Bay St / Harbour St ,43.64215,-79.377,22
Thompson St / Carroll St,43.65907064983235,-79.35240134225845,14
Hillsdale Ave E / Mount Pleasant Rd,43.70512126615395,-79.3890271081274,0
Bloor St W / Kingsmill Rd,43.64927890131737,-79.50312995581972,1
Don Mills Rd / Fairview Mall Dr,43.77888550790407,-79.34837169762268,7
Berkeley St / Adelaide St E - SMART,43.653359,-79.365023,10
Front St W / University Ave (1),43.6451635,-79.3831757,18
Danforth Rd / Birchmount Rd ,43.70688,-79.26850999999999,5
Dunn Ave / Queen St W,43.639522754211804,-79.43395976815727,3
Braemar Ave / Eglinton Ave W,43.7041957,-79.4094472,0
John St  / Mercer St - SMART,43.6461,-79.3895,7
800 Fleet St (North),43.63682856154585,-79.40884160367011,2
25 York St – Union Station South,43.643667,-79.380414,10
Lawrence Ave W / Marlee Ave,43.715552692740914,-79.4461544565374,5
Nelson St / Duncan St,43.648711,-79.389728,23
Essex St / Christie St,43.6686111,-79.42027777777778,0
Eastwood Rd / Woodbine Ave - SMART,43.676216,-79.309395,3
G Ross Lord Park,43.7781116,-79.467963,3
Briar Hill Ave / Yonge St - SMART,43.713524,-79.400162,0
D'Arcy St / McCaul St - SMART,43.655227,-79.39201,12
Crawford St / Queen St W,43.645665,-79.415345,0
Queen St W / Ossington Ave,43.643975,-79.419576,3
Albany Ave / Bloor St W,43.66554144421798,-79.41010317605742,0
Bloor St W / Shaw St - SMART,43.662403,-79.423098,0
York St / Wellington St W (2),43.647043061824,-79.38314120681535,27
Lumsden Ave / Eastdale Ave,43.69413548199171,-79.30058718775287,4
Parliament St / Aberdeen Ave,43.665278,-79.368333,0
Driftwood Ave / Finch Corridor Trail,43.7603624,-79.5162777,1
Keele St / Annette St,43.66402,-79.46418,0
Lower Spadina Ave / Lake Shore Blvd W,43.638497,-79.39192,13
Temperance St / Bay St,43.6506,-79.381285,23
St Clair Ave W / Robina Ave,43.68005,-79.43469,0
Colgate Ave / Carlaw Ave,43.6623658,-79.3413344,11
Park Lawn Rd / Berry Rd,43.63605238134247,-79.49325238769686,0
Lake Shore Blvd E / Leslie St,43.659195,-79.329196,15
51 Parliament St,43.652169,-79.362841,18
Emmett Ave,43.68735514096443,-79.50623313806341,0
York St / Harbour St (Love Park),43.64101663053319,-79.38035903750381,15
Bloor St W / Dundas St W,43.6563889,-79.45166666666667,0
Humber River Hospital ,43.72537884183677,-79.48719674218903,1
60 Carl Hall Rd - SMART,43.74796393423666,-79.47521217354125,3
Bay St / St. Joseph St,43.665527,-79.387499,0
Yonge St / Dundas Sq,43.655766,-79.3802,30
Bay St / College St (West Side) - SMART,43.660087,-79.385655,10
Amelia St / Sumach St,43.66852,-79.363525,1
Bond St / Queen St E,43.653236,-79.376716,35
Mill St / Cherry St,43.6513927,-79.35794659999999,3
Noble St / Queen St W,43.6424558,-79.4296346,0
Church St / Dundas St E - SMART,43.657024,-79.377257,20
Arlington Parkette,43.69105005197055,-79.43281746494293,0
Mortimer Ave / Carlaw Ave SMART,43.685167,-79.34962,1
Kingston Rd / Beech Ave,43.680095,-79.291714,3
Rusholme Park Cres / College St,43.65277778,-79.42972222,1
Boston Ave / Queen St E- SMART,43.661601650964336,-79.33894582857273,11
Augusta Ave / Dundas St W,43.652473,-79.401456,5
Hocken Ave / Vaughan Rd,43.6817346,-79.4184725,0
12 Harbour St,43.6425636,-79.3762,13
St Clair Ave W / Caledonia Rd,43.6754247,-79.4547813,0
York Recreation Centre,43.688153079245126,-79.48219789940566,9
Tobermory Dr / Finch Corridor Trail,43.7611741,-79.5114452,1
20 Charles St E,43.6691099,-79.38551,0
Priscilla Ave / Dundas St W,43.664665,-79.489385,2
Dufferin St / Sylvan Av (Dufferin Grove Park),43.6555556,-79.43361111111112,0
Shuter St/River St,43.659296,-79.358035,1
York University Station (South) - SMART,43.77345,-79.5002,0
Frederick St / King St E,43.651118,-79.369411,40
19 Glendora Ave,43.75921143833388,-79.40960364801701,0
Wallace Ave / Symington Ave - SMART,43.661324,-79.449534,0
University Ave / Queen St W,43.65052424212547,-79.38672702579497,10
King St W / Joe Shuster Way,43.639444,-79.423611,15
Simcoe St / Wellington St W South,43.6458569,-79.3853654,25
Nassau St / Bellevue Ave,43.65484215542248,-79.40351232494366,5
Pretoria Ave / Broadview Ave,43.6783213,-79.35822,0
Neil McLellan Park,43.65143,-79.47779,1
Dundonald St / Church St,43.66663,-79.38148,28
Union Station,43.645609,-79.380386,23
Bathurst St / Housey St,43.63781903961206,-79.40013176752855,15
Avenue Rd / Macpherson Ave ,43.67794376009951,-79.39836278587889,0
190 Queens Quay E,43.6451308,-79.36536439999999,15
265 Armadale Ave,43.6501644,-79.48296909999999,1
Gladstone Ave / Queen St W,43.64314139337404,-79.42728015945511,7
Lake Shore Blvd E / Knox Ave,43.660206,-79.3244,11
Wychwood Ave / Benson Ave - SMART,43.6809164,-79.4229684,0
Queen St W / Shaw St,43.6442457,-79.41610440000001,3
Lake Shore Blvd W / Brow Dr,43.591410003452495,-79.54418190344097,10
The Pond Rd / Sentinel Rd,43.7696262,-79.5025943,0
365 Lippincott St,43.6649482,-79.40947,1
St Clair West Subway Station - Heath Entrance,43.686352,-79.415894,0
Fort York  Blvd / Capreol Ct,43.639832,-79.395954,0
Lansdowne Ave / Whytock Ave,43.6538888888889,-79.4413888888889,0
Queens Park Cres / College St ,43.66018127636866,-79.39083271520538,9
Kewbeach Ave / Kenilworth Ave,43.666325,-79.3014,15
Queens Quay E / Merchants' Wharf,43.64643026333144,-79.3618163165329,27
Lake Shore Blvd W / Windermere Ave,43.634896,-79.467763,1
Sumach St / Carlton St (Riverdale Farm),43.665867,-79.362506,2
Bloor St W / Pacific Ave,43.65412449999999,-79.4636388,0
Marie Curtis Park,43.5880774,-79.5432067,4
College St / Crawford St,43.655,-79.418889,0
Dundas St E / Pembroke St ,43.658295,-79.372346,5
Wells St / Brunswick Ave,43.67105163758377,-79.40904755211488,0
Rogers Rd / Prospect Cemetery,43.68323,-79.455765,1
Hubbard Blvd / Balsam Av,43.669328,-79.288949,9
Spadina Ave / Sussex Ave ,43.66402799999999,-79.40297869999999,6
Sentinel Rd / Sheppard Ave W,43.74386580997666,-79.49181654358595,8
541 Huron St - SMART,43.670206,-79.402643,2
Judson St / Royal York Rd,43.6162721,-79.4990363,1
Fort York Blvd / Bathurst St - SMART,43.639052,-79.399792,0
Keele St / Vine Ave,43.66686,-79.46526,0
College Park South,43.65945682499,-79.38236466864778,9
1926 Lake Shore Blvd W,43.6357643,-79.4674917,10
Wellington St W / Stafford St,43.6409957,-79.40966630000001,0
Centennial College (Ashtonbee Campus),43.73003601845614,-79.2920036521843,2
Chatham Ave / Byron Ave,43.6798678328407,-79.33424613862303,0
Niagara St / Portland St,43.6425791,-79.40011729999999,0
Carlaw Ave / Dundas St E,43.665076,-79.341509,8
Sunnybrook Health Centre - S Wing,43.720998,-79.377456,2
Tiago Ave / Westview Blvd,43.71101621552703,-79.30675743891624,6
Wynford Heights Cres / Concorde Pl,43.72749778259739,-79.32714222209015,5
High Park Subway Station,43.6543604,-79.4655296,1
Ward St / Wallace Ave,43.662857,-79.44618,0
Frederick St / The Esplanade,43.6487245,-79.36839,19
Avenue Rd / Cumberland St ,43.669821695059376,-79.39444614603269,2
Humber Bay Shores Park West,43.6224434,-79.480284,16
Yonge St / Montgomery Ave - SMART,43.70960859570095,-79.39915125005619,0
York St / Wellington St W (1) ,43.646734,-79.38301,22
Queen St E / Sackville St,43.6561111,-79.36138888888888,9
101 Cedarvale Ave,43.6868681,-79.3110942,0
Jane St / Yewtree Blvd,43.75531728502427,-79.51704708227844,2
Elizabeth St / Edward St (Bus Terminal),43.656026,-79.385327,14
Hubbard Blvd / Glen Manor Dr,43.668633,-79.291162,7
Widmer St / King St W,43.6463574,-79.391206,2
Yonge St / Wood St,43.6622222,-79.3825,0
Woodbine Subway Station,43.686442,-79.313404,0
Lascelles Blvd / Eglinton Ave W,43.70547,-79.40355,0
91 Via Italia,43.67665014253828,-79.44503029755326,0
Sharpe St / Park St (Sandown Park),43.7105975,-79.2541175,0
Wellesley St E / Parliament St,43.6682342,-79.3702641,0
Glebe Rd W / Yonge St,43.7005976,-79.397345,0
Palmerston Blvd / Lennox St,43.66335070995886,-79.41312798316125,0
Eglinton Ave W / Henning Ave SMART,43.7063473,-79.40161,0
Caledonia Rd / Lotherton Pathway,43.70756436685646,-79.46571474966814,13
Eglinton Ave W / Scarlett Rd,43.6834703,-79.5108942,6
Harvie Ave / Rogers Rd,43.68402031135697,-79.45297885330353,0
Lake Shore Blvd W / Twenty Fourth St,43.597082,-79.522768,12
Yonge St / Merton St ,43.6962750705313,-79.39629396191867,0
Danforth Ave / Westlake Ave,43.687323,-79.304848,0
Erskine Ave / Yonge St SMART,43.7112153,-79.39894,0
Soho St / Queen St W,43.649649714291584,-79.39372141352654,14
Adelaide St E / Parliament St,43.65378337432506,-79.36335973372954,18
Davenport Rd / Dovercourt Rd - SMART,43.6741219,-79.4352208,0
Church St / Bloor St E,43.671389,-79.382919,7
University Ave / Gerrard St W - SMART(South),43.65748153286412,-79.38921396018827,13
Liberty St / Fraser Ave Green P,43.637981,-79.424146,15
St Clair Ave W / Avenue Rd ,43.68688938028234,-79.40099513147447,1
Robert St / Bloor St W - SMART,43.665846,-79.404998,1
Beverley St / College St,43.6575,-79.39527777777778,3
George St / King St E,43.6509552,-79.3707,12
Duncan St / Adelaide St W - SMART,43.64813057569729,-79.38858106137695,6
Dentonia Park,43.694341,-79.291416,1
Blantyre Park,43.68306889999999,-79.279682,0
Ripley Ave / Ormskirk Ave,43.6390437,-79.4760109,11
College St / Huron St,43.658148,-79.398167,0
Bathurst St / Dundas St W,43.6518918789007,-79.40577861712723,0
Ontario Place Blvd / Lake Shore Blvd W,43.6322445,-79.4108105,7
Bartlett Parkette,43.6702236,-79.4360232,0
Queen St W / Cowan Ave,43.64089724173822,-79.43283582518329,0
Sumach St  / Queen St E,43.656638,-79.358749,8
Moore Park,43.693256,-79.383238,0
Queen St E / Woodward Ave,43.665269,-79.319796,13
Front St E / Bayview Avenue,43.6535,-79.354068,17
E.T Seton Park - South ,43.70503461857136,-79.33547292037659,1
St Clair Ave W / Bathurst St.,43.683296,-79.418734,0
The Pond Rd / Ian Macdonald Blvd,43.77086729028769,-79.49812990660705,0
Eglinton Ave E / Victoria Park Ave,43.72486103230542,-79.30351306295167,4
Logan Ave / Bain Ave,43.6720273,-79.3470557,0
Sterling Rd / Dundas St W,43.6508333333333,-79.4430555555556,0
Gould St / Yonge St (TMU),43.657424,-79.381019,22
406 Oakwood Ave,43.68827060022711,-79.43937767081853,0
Simcoe St / Queen St W,43.65049,-79.3873,37
Cherry Beach Sports Fields (55 Unwin Ave),43.6408346,-79.3429074,20
Brimley Rd / Lawrence Ave E ,43.75404854399297,-79.2553167552948,1
Dundas St W / Roncesvalles Ave Green P -SMART,43.6534268,-79.4512787,1
Pottery Rd / Lower Don River Trail,43.688148,-79.362101,11
457 King St W,43.6452091,-79.3960744,11
Danforth Ave / Coxwell Ave,43.683378,-79.322961,0
Bloor St W / Brock Ave,43.6589882,-79.438715,0
Wells Hill Ave / St Clair Ave W,43.683351,-79.41562,0
Bay St / Dundas St W,43.655350778457056,-79.38345966759798,55
